Time,[串口设备2] 线圈1,[串口设备2] 线圈2,[串口设备2] 线圈3,[串口设备2] 线圈4,[TCP_模拟设备1] 温度1,[TCP_模拟设备1] 温度2,[TCP_模拟设备1] 温度3,[TCP_模拟设备1] 温度4
	2026-02-07 13:44:50.482,1,0,1,0,307786,307780,22.600000381469727,309214
	2026-02-07 13:44:51.479,1,0,1,0,307788,307782,22.600000381469727,309216
	2026-02-07 13:44:52.479,1,0,1,0,307788,307782,22.600000381469727,309216
	2026-02-07 13:44:53.481,1,0,1,0,307791,307785,22.600000381469727,309219
	2026-02-07 13:44:54.479,1,0,1,0,307794,307788,22.600000381469727,309222
	2026-02-07 13:44:55.480,1,0,1,0,307794,307788,22.600000381469727,309222
	2026-02-07 13:44:56.481,1,0,1,0,307797,307791,22.600000381469727,309225
	2026-02-07 13:44:57.481,1,0,1,0,307800,307794,22.600000381469727,309228
	2026-02-07 13:44:58.479,1,0,1,0,307800,307794,22.600000381469727,309228
	2026-02-07 13:44:59.479,1,0,1,0,307803,307797,22.600000381469727,309231
	2026-02-07 13:45:00.481,1,0,1,0,307805,307799,22.600000381469727,309233
	2026-02-07 13:45:01.479,1,0,1,0,307808,307802,22.600000381469727,309236
	2026-02-07 13:45:02.482,1,0,1,0,307808,307802,22.600000381469727,309236
	2026-02-07 13:45:03.480,1,0,1,0,307811,307805,22.600000381469727,309239
	2026-02-07 13:45:04.481,1,0,1,0,307814,307808,22.600000381469727,309242
	2026-02-07 13:45:05.481,1,0,1,0,307814,307808,22.600000381469727,309242
	2026-02-07 13:45:06.479,1,0,1,0,307816,307810,22.600000381469727,309244
	2026-02-07 13:45:07.481,1,0,1,0,307819,307813,22.600000381469727,309247
	2026-02-07 13:45:08.479,1,0,1,0,307819,307813,22.600000381469727,309247
	2026-02-07 13:45:09.479,1,0,1,0,307822,307816,22.600000381469727,309250
	2026-02-07 13:45:10.479,1,0,1,0,307825,307819,22.600000381469727,309253
	2026-02-07 13:45:11.482,1,0,1,0,307825,307819,22.600000381469727,309253
	2026-02-07 13:45:12.534,1,0,1,0,307828,307822,22.600000381469727,309256
	2026-02-07 13:45:13.480,1,0,1,0,307830,307824,22.600000381469727,309258
	2026-02-07 13:45:14.481,1,0,1,0,307830,307824,22.600000381469727,309258
	2026-02-07 13:45:15.479,1,0,1,0,307833,307827,22.600000381469727,309261
	2026-02-07 13:45:16.481,1,0,1,0,307836,307830,22.600000381469727,309264
	2026-02-07 13:45:17.479,1,0,1,0,307839,307833,22.600000381469727,309267
	2026-02-07 13:45:18.479,1,0,1,0,307839,307833,22.600000381469727,309267
	2026-02-07 13:45:19.480,1,0,1,0,307841,307835,22.600000381469727,309269
	2026-02-07 13:45:20.481,1,0,1,0,307844,307838,22.600000381469727,309272
	2026-02-07 13:45:21.479,1,0,1,0,307844,307838,22.600000381469727,309272
	2026-02-07 13:45:22.479,1,0,1,0,307847,307841,22.600000381469727,309275
	2026-02-07 13:45:23.481,1,0,1,0,307850,307844,22.600000381469727,309278
	2026-02-07 13:45:24.479,1,0,1,0,307850,307844,22.600000381469727,309278
	2026-02-07 13:45:25.481,1,0,1,0,307853,307847,22.600000381469727,309281
	2026-02-07 13:45:26.482,1,0,1,0,307856,307850,22.600000381469727,309284
	2026-02-07 13:45:27.479,1,0,1,0,307856,307850,22.600000381469727,309284
	2026-02-07 13:45:28.481,1,0,1,0,307858,307852,22.600000381469727,309286
	2026-02-07 13:45:29.479,1,0,1,0,307861,307855,22.600000381469727,309289
	2026-02-07 13:45:30.479,1,0,1,0,307861,307855,22.600000381469727,309289
	2026-02-07 13:45:31.479,1,0,1,0,307864,307858,22.600000381469727,309292
	2026-02-07 13:45:32.479,1,0,1,0,307867,307861,22.600000381469727,309295
	2026-02-07 13:45:33.483,1,0,1,0,307867,307861,22.600000381469727,309295
	2026-02-07 13:45:34.479,1,0,1,0,307870,307864,22.600000381469727,309298
	2026-02-07 13:45:35.482,1,0,1,0,307873,307867,22.600000381469727,309301
	2026-02-07 13:45:36.481,1,0,1,0,307875,307869,22.600000381469727,309303
	2026-02-07 13:45:37.479,1,0,1,0,307875,307869,22.600000381469727,309303
	2026-02-07 13:45:38.479,1,0,1,0,307878,307872,22.600000381469727,309306
	2026-02-07 13:45:39.479,1,0,1,0,307881,307875,22.600000381469727,309309
	2026-02-07 13:45:40.479,1,0,1,0,307881,307875,22.600000381469727,309309
	2026-02-07 13:45:41.483,1,0,1,0,307884,307878,22.600000381469727,309312
	2026-02-07 13:45:42.498,1,0,1,0,307887,307881,22.600000381469727,309315
	2026-02-07 13:45:43.481,1,0,1,0,307887,307881,22.600000381469727,309315
	2026-02-07 13:45:44.481,1,0,1,0,307889,307883,22.600000381469727,309317
	2026-02-07 13:45:45.490,1,0,1,0,307892,307886,22.600000381469727,309320
	2026-02-07 13:45:46.480,1,0,1,0,307892,307886,22.600000381469727,309320
	2026-02-07 13:45:47.479,1,0,1,0,307895,307889,22.600000381469727,309323
	2026-02-07 13:45:48.481,1,0,1,0,307898,307892,22.600000381469727,309326
	2026-02-07 13:45:49.481,1,0,1,0,307898,307892,22.600000381469727,309326
	2026-02-07 13:45:50.479,1,0,1,0,307900,307894,22.600000381469727,309328
	2026-02-07 13:45:51.479,1,0,1,0,307900,307894,22.600000381469727,309328
	2026-02-07 13:45:52.502,1,0,1,0,307900,307894,22.600000381469727,309328
	2026-02-07 13:45:53.483,1,0,1,0,307900,307894,22.600000381469727,309328
	2026-02-07 13:45:54.481,1,0,1,0,307900,307894,22.600000381469727,309328
	2026-02-07 13:45:55.479,1,0,1,0,307900,307894,22.600000381469727,309328
	2026-02-07 13:45:56.483,1,0,1,0,307900,307894,22.600000381469727,309328
	2026-02-07 13:45:57.481,1,0,1,0,307900,307894,22.600000381469727,309328
	2026-02-07 13:45:58.479,1,0,1,0,307900,307894,22.600000381469727,309328
	2026-02-07 13:45:59.481,1,0,1,0,307900,307894,22.600000381469727,309328
	2026-02-07 13:46:00.484,1,0,1,0,307900,307894,22.600000381469727,309328
	2026-02-07 13:46:01.481,1,0,1,0,307900,307894,22.600000381469727,309328
	2026-02-07 13:46:02.483,1,0,1,0,307900,307894,22.600000381469727,309328
	2026-02-07 13:46:03.481,1,0,1,0,307900,307894,22.600000381469727,309328
	2026-02-07 13:46:04.488,1,0,1,0,307900,307894,22.600000381469727,309328
	2026-02-07 13:46:05.482,1,0,1,0,307900,307894,22.600000381469727,309328
	2026-02-07 13:46:06.481,1,0,1,0,307900,307894,22.600000381469727,309328
	2026-02-07 13:46:07.479,1,0,1,0,307900,307894,22.600000381469727,309328
	2026-02-07 13:46:08.484,1,0,1,0,307900,307894,22.600000381469727,309328
	2026-02-07 13:46:09.479,1,0,1,0,307900,307894,22.600000381469727,309328
	2026-02-07 13:46:10.479,1,0,1,0,307900,307894,22.600000381469727,309328
	2026-02-07 13:46:11.481,1,0,1,0,307900,307894,22.600000381469727,309328
	2026-02-07 13:46:12.481,1,0,1,0,307900,307894,22.600000381469727,309328
	2026-02-07 13:46:13.481,1,0,1,0,307900,307894,22.600000381469727,309328
	2026-02-07 13:46:14.481,1,0,1,0,307900,307894,22.600000381469727,309328
	2026-02-07 13:46:15.480,1,0,1,0,307900,307894,22.600000381469727,309328
	2026-02-07 13:46:16.480,1,0,1,0,307900,307894,22.600000381469727,309328
	2026-02-07 13:46:17.482,1,0,1,0,307900,307894,22.600000381469727,309328
	2026-02-07 13:46:18.482,1,0,1,0,307900,307894,22.600000381469727,309328
	2026-02-07 13:46:19.479,1,0,1,0,307900,307894,22.600000381469727,309328
	2026-02-07 13:46:20.484,1,0,1,0,307900,307894,22.600000381469727,309328
	2026-02-07 13:46:21.482,1,0,1,0,307900,307894,22.600000381469727,309328
	2026-02-07 13:46:22.480,1,0,1,0,307900,307894,22.600000381469727,309328
	2026-02-07 13:46:23.482,1,0,1,0,307900,307894,22.600000381469727,309328
	2026-02-07 13:46:24.480,1,0,1,0,307900,307894,22.600000381469727,309328
	2026-02-07 13:46:25.479,1,0,1,0,307900,307894,22.600000381469727,309328
	2026-02-07 13:46:26.483,1,0,1,0,307900,307894,22.600000381469727,309328
	2026-02-07 13:46:27.482,1,0,1,0,307900,307894,22.600000381469727,309328
	2026-02-07 13:46:28.479,1,0,1,0,307900,307894,22.600000381469727,309328
	2026-02-07 13:46:29.479,1,0,1,0,307900,307894,22.600000381469727,309328
	2026-02-07 13:46:30.483,1,0,1,0,307900,307894,22.600000381469727,309328
	2026-02-07 13:46:31.479,1,0,1,0,307900,307894,22.600000381469727,309328
	2026-02-07 13:46:32.483,1,0,1,0,307900,307894,22.600000381469727,309328
	2026-02-07 13:46:33.482,1,0,1,0,307900,307894,22.600000381469727,309328
	2026-02-07 13:46:34.481,1,0,1,0,307900,307894,22.600000381469727,309328
	2026-02-07 13:46:35.480,1,0,1,0,307900,307894,22.600000381469727,309328
	2026-02-07 13:46:36.479,1,0,1,0,307900,307894,22.600000381469727,309328
	2026-02-07 13:46:37.479,1,0,1,0,307900,307894,22.600000381469727,309328
	2026-02-07 13:46:38.481,1,0,1,0,307900,307894,22.600000381469727,309328
	2026-02-07 13:46:39.481,1,0,1,0,307900,307894,22.600000381469727,309328
	2026-02-07 13:46:40.481,1,0,1,0,307900,307894,22.600000381469727,309328
	2026-02-07 13:46:41.482,1,0,1,0,307900,307894,22.600000381469727,309328
	2026-02-07 13:46:42.483,1,0,1,0,307900,307894,22.600000381469727,309328
	2026-02-07 13:46:43.480,1,0,1,0,307900,307894,22.600000381469727,309328
	2026-02-07 13:46:44.482,1,0,1,0,307900,307894,22.600000381469727,309328
	2026-02-07 13:46:45.483,1,0,1,0,307900,307894,22.600000381469727,309328
	2026-02-07 13:46:46.480,1,0,1,0,307900,307894,22.600000381469727,309328
	2026-02-07 13:46:47.481,1,0,1,0,307900,307894,22.600000381469727,309328
	2026-02-07 13:46:48.482,1,0,1,0,307900,307894,22.600000381469727,309328
	2026-02-07 13:46:49.479,1,0,1,0,307900,307894,22.600000381469727,309328
	2026-02-07 13:46:50.481,1,0,1,0,307900,307894,22.600000381469727,309328
	2026-02-07 13:46:51.484,1,0,1,0,307900,307894,22.600000381469727,309328
	2026-02-07 13:46:52.481,1,0,1,0,307900,307894,22.600000381469727,309328
	2026-02-07 13:46:53.482,1,0,1,0,307900,307894,22.600000381469727,309328
	2026-02-07 13:46:54.481,1,0,1,0,307900,307894,22.600000381469727,309328
	2026-02-07 13:46:55.479,1,0,1,0,307900,307894,22.600000381469727,309328
	2026-02-07 13:46:56.481,1,0,1,0,307900,307894,22.600000381469727,309328
	2026-02-07 13:46:57.481,1,0,1,0,307900,307894,22.600000381469727,309328
	2026-02-07 13:46:58.480,1,0,1,0,307900,307894,22.600000381469727,309328
	2026-02-07 13:46:59.482,1,0,1,0,307900,307894,22.600000381469727,309328
	2026-02-07 13:47:00.482,1,0,1,0,307900,307894,22.600000381469727,309328
	2026-02-07 13:47:01.480,1,0,1,0,307900,307894,22.600000381469727,309328
	2026-02-07 13:47:02.482,1,0,1,0,307900,307894,22.600000381469727,309328
	2026-02-07 13:47:03.481,1,0,1,0,307900,307894,22.600000381469727,309328
	2026-02-07 13:47:04.480,1,0,1,0,307900,307894,22.600000381469727,309328
	2026-02-07 13:47:05.483,1,0,1,0,307900,307894,22.600000381469727,309328
	2026-02-07 13:47:06.482,1,0,1,0,307900,307894,22.600000381469727,309328
	2026-02-07 13:47:07.481,1,0,1,0,307900,307894,22.600000381469727,309328
	2026-02-07 13:47:08.482,1,0,1,0,307900,307894,22.600000381469727,309328
	2026-02-07 13:47:09.482,1,0,1,0,307900,307894,22.600000381469727,309328
	2026-02-07 13:47:10.479,1,0,1,0,307900,307894,22.600000381469727,309328
	2026-02-07 13:47:11.479,1,0,1,0,307900,307894,22.600000381469727,309328
	2026-02-07 13:47:12.482,1,0,1,0,307900,307894,22.600000381469727,309328
	2026-02-07 13:47:13.479,1,0,1,0,307900,307894,22.600000381469727,309328
	2026-02-07 13:47:14.482,1,0,1,0,307900,307894,22.600000381469727,309328
	2026-02-07 13:47:15.481,1,0,1,0,307900,307894,22.600000381469727,309328
	2026-02-07 13:47:16.480,1,0,1,0,307900,307894,22.600000381469727,309328
	2026-02-07 13:47:17.483,1,0,1,0,307900,307894,22.600000381469727,309328
	2026-02-07 13:47:18.481,1,0,1,0,307900,307894,22.600000381469727,309328
	2026-02-07 13:47:19.479,1,0,1,0,307900,307894,22.600000381469727,309328
	2026-02-07 13:47:20.479,1,0,1,0,307900,307894,22.600000381469727,309328
	2026-02-07 13:47:21.481,1,0,1,0,307900,307894,22.600000381469727,309328
	2026-02-07 13:47:22.479,1,0,1,0,307900,307894,22.600000381469727,309328
	2026-02-07 13:47:23.482,1,0,1,0,307900,307894,22.600000381469727,309328
	2026-02-07 13:47:24.481,1,0,1,0,307900,307894,22.600000381469727,309328
	2026-02-07 13:47:25.480,1,0,1,0,307900,307894,22.600000381469727,309328
	2026-02-07 13:47:26.484,1,0,1,0,307900,307894,22.600000381469727,309328
	2026-02-07 13:47:27.482,1,0,1,0,307900,307894,22.600000381469727,309328
	2026-02-07 13:47:28.480,1,0,1,0,307900,307894,22.600000381469727,309328
	2026-02-07 13:47:29.481,1,0,1,0,307900,307894,22.600000381469727,309328
	2026-02-07 13:47:30.482,1,0,1,0,307900,307894,22.600000381469727,309328
	2026-02-07 13:47:31.479,1,0,1,0,307900,307894,22.600000381469727,309328
	2026-02-07 13:47:32.483,1,0,1,0,307900,307894,22.600000381469727,309328
	2026-02-07 13:47:33.481,1,0,1,0,307900,307894,22.600000381469727,309328
	2026-02-07 13:47:34.481,1,0,1,0,307900,307894,22.600000381469727,309328
	2026-02-07 13:47:35.482,1,0,1,0,307900,307894,22.600000381469727,309328
	2026-02-07 13:47:36.482,1,0,1,0,307900,307894,22.600000381469727,309328
	2026-02-07 13:47:37.480,1,0,1,0,307900,307894,22.600000381469727,309328
	2026-02-07 13:47:38.481,1,0,1,0,307900,307894,22.600000381469727,309328
	2026-02-07 13:47:39.480,1,0,1,0,307900,307894,22.600000381469727,309328
	2026-02-07 13:47:40.481,1,0,1,0,307900,307894,22.600000381469727,309328
	2026-02-07 13:47:41.483,1,0,1,0,307900,307894,22.600000381469727,309328
	2026-02-07 13:47:42.482,1,0,1,0,307900,307894,22.600000381469727,309328
	2026-02-07 13:47:43.479,1,0,1,0,307900,307894,22.600000381469727,309328
	2026-02-07 13:47:44.482,1,0,1,0,307900,307894,22.600000381469727,309328
	2026-02-07 13:47:45.482,1,0,1,0,307900,307894,22.600000381469727,309328
	2026-02-07 13:47:46.483,1,0,1,0,307900,307894,22.600000381469727,309328
	2026-02-07 13:47:47.479,1,0,1,0,307900,307894,22.600000381469727,309328
	2026-02-07 13:47:48.480,1,0,1,0,307900,307894,22.600000381469727,309328
	2026-02-07 13:47:49.481,1,0,1,0,307900,307894,22.600000381469727,309328
	2026-02-07 13:47:50.482,1,0,1,0,307900,307894,22.600000381469727,309328
	2026-02-07 13:47:51.480,1,0,1,0,307900,307894,22.600000381469727,309328
	2026-02-07 13:47:52.484,1,0,1,0,307900,307894,22.600000381469727,309328
	2026-02-07 13:47:53.483,1,0,1,0,307900,307894,22.600000381469727,309328
	2026-02-07 13:47:54.481,1,0,1,0,307900,307894,22.600000381469727,309328
	2026-02-07 13:47:55.479,1,0,1,0,307900,307894,22.600000381469727,309328
	2026-02-07 13:47:56.482,1,0,1,0,307900,307894,22.600000381469727,309328
	2026-02-07 13:47:57.480,1,0,1,0,307900,307894,22.600000381469727,309328
	2026-02-07 13:47:58.480,1,0,1,0,307900,307894,22.600000381469727,309328
	2026-02-07 13:47:59.481,1,0,1,0,307900,307894,22.600000381469727,309328
	2026-02-07 13:48:00.510,1,0,1,0,307900,307894,22.600000381469727,309328
	2026-02-07 13:48:01.480,1,0,1,0,307900,307894,22.600000381469727,309328
	2026-02-07 13:48:02.482,1,0,1,0,307900,307894,22.600000381469727,309328
	2026-02-07 13:48:03.480,1,0,1,0,307900,307894,22.600000381469727,309328
	2026-02-07 13:48:04.479,1,0,1,0,307900,307894,22.600000381469727,309328
	2026-02-07 13:48:05.481,1,0,1,0,307900,307894,22.600000381469727,309328
	2026-02-07 13:48:06.482,1,0,1,0,307900,307894,22.600000381469727,309328
	2026-02-07 13:48:07.480,1,0,1,0,307900,307894,22.600000381469727,309328
	2026-02-07 13:48:08.483,1,0,1,0,307900,307894,22.600000381469727,309328
	2026-02-07 13:48:09.481,1,0,1,0,307900,307894,22.600000381469727,309328
	2026-02-07 13:48:10.479,1,0,1,0,307900,307894,22.600000381469727,309328
	2026-02-07 13:48:11.482,1,0,1,0,308039,308033,22.600000381469727,309467
	2026-02-07 13:48:12.480,1,0,1,0,308039,308033,22.600000381469727,309467
	2026-02-07 13:48:13.481,1,0,1,0,308042,308036,22.600000381469727,309470
	2026-02-07 13:48:14.481,1,0,1,0,308045,308039,22.600000381469727,309473
	2026-02-07 13:48:15.480,1,0,1,0,308045,308039,22.600000381469727,309473
	2026-02-07 13:48:16.479,1,0,1,0,308049,308043,22.600000381469727,309477
	2026-02-07 13:48:17.479,1,0,1,0,308051,308045,22.600000381469727,309479
	2026-02-07 13:48:18.486,1,0,1,0,308052,308046,22.600000381469727,309480
	2026-02-07 13:48:19.522,1,0,1,0,308054,308048,22.600000381469727,309482
	2026-02-07 13:48:20.479,1,0,1,0,308056,308050,22.600000381469727,309484
	2026-02-07 13:48:21.482,1,0,1,0,308059,308053,22.600000381469727,309487
	2026-02-07 13:48:22.480,1,0,1,0,308060,308054,22.600000381469727,309488
	2026-02-07 13:48:23.483,1,0,1,0,308062,308056,22.600000381469727,309490
	2026-02-07 13:48:24.481,1,0,1,0,308064,308058,22.600000381469727,309492
	2026-02-07 13:48:25.479,1,0,1,0,308065,308059,22.600000381469727,309493
	2026-02-07 13:48:26.481,1,0,1,0,308067,308061,22.600000381469727,309495
	2026-02-07 13:48:27.482,1,0,1,0,308070,308064,22.600000381469727,309498
	2026-02-07 13:48:28.479,1,0,1,0,308072,308066,22.600000381469727,309500
	2026-02-07 13:48:29.482,1,0,1,0,308073,308067,22.600000381469727,309501
	2026-02-07 13:48:30.480,1,0,1,0,308075,308069,22.600000381469727,309503
	2026-02-07 13:48:31.479,1,0,1,0,308076,308070,22.600000381469727,309504
	2026-02-07 13:48:32.479,1,0,1,0,308080,308074,22.600000381469727,309508
	2026-02-07 13:48:33.480,1,0,1,0,308081,308075,22.600000381469727,309509
	2026-02-07 13:48:34.479,1,0,1,0,308083,308077,22.600000381469727,309511
	2026-02-07 13:48:35.483,1,0,1,0,308085,308079,22.600000381469727,309513
	2026-02-07 13:48:36.481,1,0,1,0,308085,308079,22.600000381469727,309513
	2026-02-07 13:48:37.480,1,0,1,0,308085,308079,22.600000381469727,309513
	2026-02-07 13:48:38.481,1,0,1,0,308085,308079,22.600000381469727,309513
	2026-02-07 13:48:39.481,1,0,1,0,308085,308079,22.600000381469727,309513
	2026-02-07 13:48:40.553,1,0,1,0,308085,308079,22.600000381469727,309513
	2026-02-07 13:48:41.481,1,0,1,0,308085,308079,22.600000381469727,309513
	2026-02-07 13:48:42.483,1,0,1,0,308085,308079,22.600000381469727,309513
	2026-02-07 13:48:43.481,1,0,1,0,308085,308079,22.600000381469727,309513
	2026-02-07 13:48:44.482,1,0,1,0,308085,308079,22.600000381469727,309513
	2026-02-07 13:48:45.480,1,0,1,0,308085,308079,22.600000381469727,309513
	2026-02-07 13:48:46.482,1,0,1,0,308085,308079,22.600000381469727,309513
	2026-02-07 13:48:47.481,1,0,1,0,308085,308079,22.600000381469727,309513
	2026-02-07 13:48:48.538,1,0,1,0,308085,308079,22.600000381469727,309513
	2026-02-07 13:48:49.479,1,0,1,0,308085,308079,22.600000381469727,309513
	2026-02-07 13:48:50.482,1,0,1,0,308085,308079,22.600000381469727,309513
	2026-02-07 13:48:51.482,1,0,1,0,308101,308095,22.600000381469727,309529
	2026-02-07 13:48:52.479,1,0,1,0,308104,308098,22.600000381469727,309532
	2026-02-07 13:48:53.483,1,0,1,0,308104,308098,22.600000381469727,309532
	2026-02-07 13:48:54.482,1,0,1,0,308107,308101,22.600000381469727,309535
	2026-02-07 13:48:55.479,1,0,1,0,308110,308104,22.600000381469727,309538
	2026-02-07 13:48:56.482,1,0,1,0,308110,308104,22.600000381469727,309538
	2026-02-07 13:48:57.479,1,0,1,0,308112,308106,22.600000381469727,309540
	2026-02-07 13:48:58.479,1,0,1,0,308115,308109,22.600000381469727,309543
	2026-02-07 13:48:59.481,1,0,1,0,308115,308109,22.600000381469727,309543
	2026-02-07 13:49:00.479,1,0,1,0,308118,308112,22.600000381469727,309546
	2026-02-07 13:49:01.479,1,0,1,0,308121,308115,22.600000381469727,309549
	2026-02-07 13:49:02.480,1,0,1,0,308121,308115,22.600000381469727,309549
	2026-02-07 13:49:03.485,1,0,1,0,308124,308118,22.600000381469727,309552
	2026-02-07 13:49:04.480,1,0,1,0,308127,308121,22.600000381469727,309555
	2026-02-07 13:49:05.481,1,0,1,0,308127,308121,22.600000381469727,309555
	2026-02-07 13:49:06.482,1,0,1,0,308130,308124,22.600000381469727,309558
	2026-02-07 13:49:07.479,1,0,1,0,308132,308126,22.600000381469727,309560
	2026-02-07 13:49:08.482,1,0,1,0,308132,308126,22.600000381469727,309560
	2026-02-07 13:49:09.479,1,0,1,0,308135,308129,22.600000381469727,309563
	2026-02-07 13:49:10.482,1,0,1,0,308138,308132,22.600000381469727,309566
	2026-02-07 13:49:11.482,1,0,1,0,308138,308132,22.600000381469727,309566
	2026-02-07 13:49:12.479,1,0,1,0,308141,308135,22.600000381469727,309569
	2026-02-07 13:49:13.480,1,0,1,0,308143,308137,22.600000381469727,309571
	2026-02-07 13:49:14.482,1,0,1,0,308143,308137,22.600000381469727,309571
	2026-02-07 13:49:15.482,1,0,1,0,308146,308140,22.600000381469727,309574
	2026-02-07 13:49:16.480,1,0,1,0,308149,308143,22.600000381469727,309577
	2026-02-07 13:49:17.501,1,0,1,0,308149,308143,22.600000381469727,309577
	2026-02-07 13:49:18.481,1,0,1,0,308152,308146,22.600000381469727,309580
	2026-02-07 13:49:19.480,1,0,1,0,308155,308149,22.600000381469727,309583
	2026-02-07 13:49:20.481,1,0,1,0,308155,308149,22.600000381469727,309583
	2026-02-07 13:49:21.483,1,0,1,0,308157,308151,22.600000381469727,309585
	2026-02-07 13:49:22.481,1,0,1,0,308157,308151,22.600000381469727,309585
	2026-02-07 13:49:23.482,1,0,1,0,308161,308155,22.600000381469727,309589
	2026-02-07 13:49:24.481,1,0,1,0,308164,308158,22.600000381469727,309592
	2026-02-07 13:49:25.482,1,0,1,0,308164,308158,22.600000381469727,309592
	2026-02-07 13:49:26.481,1,0,1,0,308166,308160,22.600000381469727,309594
	2026-02-07 13:49:27.480,1,0,1,0,308169,308163,22.600000381469727,309597
	2026-02-07 13:49:28.479,1,0,1,0,308172,308166,22.600000381469727,309600
	2026-02-07 13:49:29.483,1,0,1,0,308172,308166,22.600000381469727,309600
	2026-02-07 13:49:30.502,1,0,1,0,308175,308169,22.600000381469727,309603
	2026-02-07 13:49:31.479,1,0,1,0,308178,308172,22.600000381469727,309606
	2026-02-07 13:49:32.483,1,0,1,0,308178,308172,22.600000381469727,309606
	2026-02-07 13:49:33.483,1,0,1,0,308180,308174,22.600000381469727,309608
	2026-02-07 13:49:34.481,1,0,1,0,308183,308177,22.600000381469727,309611
	2026-02-07 13:49:35.481,1,0,1,0,308183,308177,22.600000381469727,309611
	2026-02-07 13:49:36.481,1,0,1,0,308186,308180,22.600000381469727,309614
	2026-02-07 13:49:37.480,1,0,1,0,308189,308183,22.600000381469727,309617
	2026-02-07 13:49:38.482,1,0,1,0,308189,308183,22.600000381469727,309617
	2026-02-07 13:49:39.481,1,0,1,0,308192,308186,22.600000381469727,309620
	2026-02-07 13:49:40.479,1,0,1,0,308195,308189,22.600000381469727,309623
	2026-02-07 13:49:41.481,1,0,1,0,308195,308189,22.600000381469727,309623
	2026-02-07 13:49:42.482,1,0,1,0,308198,308192,22.600000381469727,309626
	2026-02-07 13:49:43.483,1,0,1,0,308201,308195,22.600000381469727,309629
	2026-02-07 13:49:44.483,1,0,1,0,308201,308195,22.600000381469727,309629
	2026-02-07 13:49:45.486,1,0,1,0,308203,308197,22.600000381469727,309631
	2026-02-07 13:49:46.480,1,0,1,0,308206,308200,22.600000381469727,309634
	2026-02-07 13:49:47.482,1,0,1,0,308206,308200,22.600000381469727,309634
	2026-02-07 13:49:48.479,1,0,1,0,308209,308203,22.600000381469727,309637
	2026-02-07 13:49:49.481,1,0,1,0,308212,308206,22.600000381469727,309640
	2026-02-07 13:49:50.479,1,0,1,0,308212,308206,22.600000381469727,309640
	2026-02-07 13:49:51.479,1,0,1,0,308212,308206,22.600000381469727,309640
	2026-02-07 13:49:52.481,1,0,1,0,308212,308206,22.600000381469727,309640
	2026-02-07 13:49:53.483,1,0,1,0,308212,308206,22.600000381469727,309640
	2026-02-07 13:49:54.479,1,0,1,0,308212,308206,22.600000381469727,309640
	2026-02-07 13:49:55.481,1,0,1,0,308212,308206,22.600000381469727,309640
	2026-02-07 13:49:56.479,1,0,1,0,308212,308206,22.600000381469727,309640
	2026-02-07 13:49:57.483,1,0,1,0,308212,308206,22.600000381469727,309640
	2026-02-07 13:49:58.482,1,0,1,0,308212,308206,22.600000381469727,309640
	2026-02-07 13:49:59.481,1,0,1,0,308212,308206,22.600000381469727,309640
	2026-02-07 13:50:00.483,1,0,1,0,308212,308206,22.600000381469727,309640
	2026-02-07 13:50:01.479,1,0,1,0,308212,308206,22.600000381469727,309640
	2026-02-07 13:50:02.480,1,0,1,0,308212,308206,22.600000381469727,309640
	2026-02-07 13:50:03.479,1,0,1,0,308212,308206,22.600000381469727,309640
	2026-02-07 13:50:04.479,1,0,1,0,308212,308206,22.600000381469727,309640
	2026-02-07 13:50:05.481,1,0,1,0,308227,308221,22.600000381469727,309655
	2026-02-07 13:50:06.479,1,0,1,0,308230,308224,22.600000381469727,309658
	2026-02-07 13:50:07.481,1,0,1,0,308230,308224,22.600000381469727,309658
	2026-02-07 13:50:08.481,1,0,1,0,308233,308227,22.600000381469727,309661
	2026-02-07 13:50:09.482,1,0,1,0,308236,308230,22.600000381469727,309664
	2026-02-07 13:50:10.479,1,0,1,0,308236,308230,22.600000381469727,309664
	2026-02-07 13:50:11.481,1,0,1,0,308238,308232,22.600000381469727,309666
	2026-02-07 13:50:12.479,1,0,1,0,308241,308235,22.600000381469727,309669
	2026-02-07 13:50:13.479,1,0,1,0,308241,308235,22.600000381469727,309669
	2026-02-07 13:50:14.485,1,0,1,0,308244,308238,22.600000381469727,309672
	2026-02-07 13:50:15.493,1,0,1,0,308247,308241,22.600000381469727,309675
	2026-02-07 13:50:16.509,1,0,1,0,308249,308243,22.600000381469727,309677
	2026-02-07 13:50:17.481,1,0,1,0,308249,308243,22.600000381469727,309677
	2026-02-07 13:50:18.480,1,0,1,0,308252,308246,22.600000381469727,309680
	2026-02-07 13:50:19.481,1,0,1,0,308255,308249,22.600000381469727,309683
	2026-02-07 13:50:20.482,1,0,1,0,308255,308249,22.600000381469727,309683
	2026-02-07 13:50:21.481,1,0,1,0,308258,308252,22.600000381469727,309686
	2026-02-07 13:50:22.479,1,0,1,0,308261,308255,22.600000381469727,309689
	2026-02-07 13:50:23.480,1,0,1,0,308261,308255,22.600000381469727,309689
	2026-02-07 13:50:24.479,1,0,1,0,308264,308258,22.600000381469727,309692
	2026-02-07 13:50:25.479,1,0,1,0,308267,308261,22.600000381469727,309695
	2026-02-07 13:50:26.637,1,0,1,0,308267,308261,22.600000381469727,309695
	2026-02-07 13:50:27.481,1,0,1,0,308269,308263,22.600000381469727,309697
	2026-02-07 13:50:28.481,1,0,1,0,308272,308266,22.600000381469727,309700
	2026-02-07 13:50:29.482,1,0,1,0,308272,308266,22.600000381469727,309700
	2026-02-07 13:50:30.482,1,0,1,0,308275,308269,22.600000381469727,309703
	2026-02-07 13:50:31.480,1,0,1,0,308278,308272,22.600000381469727,309706
	2026-02-07 13:50:32.479,1,0,1,0,308278,308272,22.600000381469727,309706
	2026-02-07 13:50:33.481,1,0,1,0,308281,308275,22.600000381469727,309709
	2026-02-07 13:50:34.479,1,0,1,0,308284,308278,22.600000381469727,309712
	2026-02-07 13:50:35.481,1,0,1,0,308284,308278,22.600000381469727,309712
	2026-02-07 13:50:36.481,1,0,1,0,308287,308281,22.600000381469727,309715
	2026-02-07 13:50:37.479,1,0,1,0,308290,308284,22.600000381469727,309718
	2026-02-07 13:50:38.480,1,0,1,0,308290,308284,22.600000381469727,309718
	2026-02-07 13:50:39.479,1,0,1,0,308293,308287,22.600000381469727,309721
	2026-02-07 13:50:40.480,1,0,1,0,308295,308289,22.600000381469727,309723
	2026-02-07 13:50:41.483,1,0,1,0,308295,308289,22.600000381469727,309723
	2026-02-07 13:50:42.479,1,0,1,0,308298,308292,22.600000381469727,309726
	2026-02-07 13:50:43.479,1,0,1,0,308298,308292,22.600000381469727,309726
	2026-02-07 13:50:44.482,1,0,1,0,308302,308296,22.600000381469727,309730
	2026-02-07 13:50:45.479,1,0,1,0,308304,308298,22.600000381469727,309732
	2026-02-07 13:50:46.479,1,0,1,0,308304,308298,22.600000381469727,309732
	2026-02-07 13:50:47.483,1,0,1,0,308307,308301,22.600000381469727,309735
	2026-02-07 13:50:48.480,1,0,1,0,308310,308304,22.600000381469727,309738
	2026-02-07 13:50:49.480,1,0,1,0,308310,308304,22.600000381469727,309738
	2026-02-07 13:50:50.659,1,0,1,0,308313,308307,22.600000381469727,309741
	2026-02-07 13:50:51.481,1,0,1,0,308316,308310,22.600000381469727,309744
	2026-02-07 13:50:52.480,1,0,1,0,308316,308310,22.600000381469727,309744
	2026-02-07 13:50:53.482,1,0,1,0,308318,308312,22.600000381469727,309746
	2026-02-07 13:50:56.402,1,0,1,0,308325,308319,22.600000381469727,309753
	2026-02-07 13:50:57.403,1,0,1,0,308325,308319,22.600000381469727,309753
	2026-02-07 13:50:58.404,1,0,1,0,308328,308322,22.600000381469727,309756
	2026-02-07 13:50:59.401,1,0,1,0,308331,308325,22.600000381469727,309759
	2026-02-07 13:51:00.401,1,0,1,0,308331,308325,22.600000381469727,309759
	2026-02-07 13:51:01.402,1,0,1,0,308333,308327,22.600000381469727,309761
	2026-02-07 13:51:02.402,1,0,1,0,308336,308330,22.600000381469727,309764
	2026-02-07 13:51:03.402,1,0,1,0,308336,308330,22.600000381469727,309764
	2026-02-07 13:51:04.403,1,0,1,0,308339,308333,22.600000381469727,309767
	2026-02-07 13:51:05.402,1,0,1,0,308342,308336,22.600000381469727,309770
	2026-02-07 13:51:06.402,1,0,1,0,308342,308336,22.600000381469727,309770
	2026-02-07 13:51:07.401,1,0,1,0,308345,308339,22.600000381469727,309773
	2026-02-07 13:51:08.402,1,0,1,0,308348,308342,22.600000381469727,309776
	2026-02-07 13:51:09.404,1,0,1,0,308348,308342,22.600000381469727,309776
	2026-02-07 13:51:10.403,1,0,1,0,308350,308344,22.600000381469727,309778
	2026-02-07 13:51:11.402,1,0,1,0,308353,308347,22.600000381469727,309781
	2026-02-07 13:51:12.402,1,0,1,0,308353,308347,22.600000381469727,309781
	2026-02-07 13:51:13.403,1,0,1,0,308356,308350,22.600000381469727,309784
	2026-02-07 13:51:14.403,1,0,1,0,308359,308353,22.600000381469727,309787
	2026-02-07 13:51:15.402,1,0,1,0,308359,308353,22.600000381469727,309787
	2026-02-07 13:51:16.402,1,0,1,0,308362,308356,22.600000381469727,309790
	2026-02-07 13:51:17.402,1,0,1,0,308365,308359,22.600000381469727,309793
	2026-02-07 13:51:18.403,1,0,1,0,308365,308359,22.600000381469727,309793
	2026-02-07 13:51:19.403,1,0,1,0,308368,308362,22.600000381469727,309796
	2026-02-07 13:51:20.402,1,0,1,0,308371,308365,22.600000381469727,309799
	2026-02-07 13:51:21.404,1,0,1,0,308371,308365,22.600000381469727,309799
	2026-02-07 13:51:22.404,1,0,1,0,308373,308367,22.600000381469727,309801
	2026-02-07 13:51:23.401,1,0,1,0,308376,308370,22.600000381469727,309804
	2026-02-07 13:51:24.403,1,0,1,0,308376,308370,22.600000381469727,309804
	2026-02-07 13:51:25.402,1,0,1,0,308379,308373,22.600000381469727,309807
	2026-02-07 13:51:26.403,1,0,1,0,308382,308376,22.600000381469727,309810
	2026-02-07 13:51:27.402,1,0,1,0,308382,308376,22.600000381469727,309810
	2026-02-07 13:51:28.403,1,0,1,0,308385,308379,22.600000381469727,309813
	2026-02-07 13:51:29.401,1,0,1,0,308387,308381,22.600000381469727,309815
	2026-02-07 13:51:30.402,1,0,1,0,308387,308381,22.600000381469727,309815
	2026-02-07 13:51:31.402,1,0,1,0,308390,308384,22.600000381469727,309818
	2026-02-07 13:51:32.401,1,0,1,0,308393,308387,22.600000381469727,309821
	2026-02-07 13:51:33.402,1,0,1,0,308393,308387,22.600000381469727,309821
	2026-02-07 13:51:34.403,1,0,1,0,308396,308390,22.600000381469727,309824
	2026-02-07 13:51:35.403,1,0,1,0,308399,308393,22.600000381469727,309827
	2026-02-07 13:51:36.401,1,0,1,0,308402,308396,22.600000381469727,309830
	2026-02-07 13:51:37.402,1,0,1,0,308402,308396,22.600000381469727,309830
	2026-02-07 13:51:38.403,1,0,1,0,308405,308399,22.600000381469727,309833
	2026-02-07 13:51:39.402,1,0,1,0,308405,308399,22.600000381469727,309833
	2026-02-07 13:51:40.403,1,0,1,0,308408,308402,22.600000381469727,309836
	2026-02-07 13:51:41.402,1,0,1,0,308411,308405,22.600000381469727,309839
	2026-02-07 13:51:42.403,1,0,1,0,308413,308407,22.600000381469727,309841
	2026-02-07 13:51:43.403,1,0,1,0,308413,308407,22.600000381469727,309841
	2026-02-07 13:51:44.403,1,0,1,0,308416,308410,22.600000381469727,309844
	2026-02-07 13:51:45.402,1,0,1,0,308419,308413,22.600000381469727,309847
	2026-02-07 13:51:46.404,1,0,1,0,308419,308413,22.600000381469727,309847
	2026-02-07 13:51:47.401,1,0,1,0,308421,308415,22.600000381469727,309849
	2026-02-07 13:51:48.403,1,0,1,0,308424,308418,22.600000381469727,309852
	2026-02-07 13:51:49.403,1,0,1,0,308424,308418,22.600000381469727,309852
	2026-02-07 13:51:50.401,1,0,1,0,308427,308421,22.600000381469727,309855
	2026-02-07 13:51:51.402,1,0,1,0,308430,308424,22.600000381469727,309858
	2026-02-07 13:51:52.402,1,0,1,0,308430,308424,22.600000381469727,309858
	2026-02-07 13:51:53.402,1,0,1,0,308433,308427,22.600000381469727,309861
	2026-02-07 13:51:54.403,1,0,1,0,308436,308430,22.600000381469727,309864
	2026-02-07 13:51:55.403,1,0,1,0,308436,308430,22.600000381469727,309864
	2026-02-07 13:51:56.401,1,0,1,0,308439,308433,22.600000381469727,309867
	2026-02-07 13:51:57.402,1,0,1,0,308442,308436,22.600000381469727,309870
	2026-02-07 13:51:58.402,1,0,1,0,308442,308436,22.600000381469727,309870
	2026-02-07 13:51:59.403,1,0,1,0,308444,308438,22.600000381469727,309872
	2026-02-07 13:52:00.402,1,0,1,0,308447,308441,22.600000381469727,309875
	2026-02-07 13:52:01.403,1,0,1,0,308447,308441,22.600000381469727,309875
	2026-02-07 13:52:02.402,1,0,1,0,308450,308444,22.600000381469727,309878
	2026-02-07 13:52:03.403,1,0,1,0,308453,308447,22.600000381469727,309881
	2026-02-07 13:52:04.402,1,0,1,0,308453,308447,22.600000381469727,309881
	2026-02-07 13:52:05.403,1,0,1,0,308456,308450,22.600000381469727,309884
	2026-02-07 13:52:06.402,1,0,1,0,308459,308453,22.600000381469727,309887
	2026-02-07 13:52:07.404,1,0,1,0,308459,308453,22.600000381469727,309887
	2026-02-07 13:52:08.402,1,0,1,0,308461,308455,22.600000381469727,309889
	2026-02-07 13:52:09.401,1,0,1,0,308464,308458,22.600000381469727,309892
	2026-02-07 13:52:10.403,1,0,1,0,308464,308458,22.600000381469727,309892
	2026-02-07 13:52:11.402,1,0,1,0,308467,308461,22.600000381469727,309895
	2026-02-07 13:52:12.402,1,0,1,0,308470,308464,22.600000381469727,309898
	2026-02-07 13:52:13.403,1,0,1,0,308470,308464,22.600000381469727,309898
	2026-02-07 13:52:14.401,1,0,1,0,308473,308467,22.600000381469727,309901
	2026-02-07 13:52:15.403,1,0,1,0,308476,308470,22.600000381469727,309904
	2026-02-07 13:52:16.403,1,0,1,0,308476,308470,22.600000381469727,309904
	2026-02-07 13:52:17.403,1,0,1,0,308478,308472,22.600000381469727,309906
	2026-02-07 13:52:18.402,1,0,1,0,308481,308475,22.600000381469727,309909
	2026-02-07 13:52:19.403,1,0,1,0,308481,308475,22.600000381469727,309909
	2026-02-07 13:52:20.401,1,0,1,0,308484,308478,22.600000381469727,309912
	2026-02-07 13:52:21.403,1,0,1,0,308487,308481,22.600000381469727,309915
	2026-02-07 13:52:22.403,1,0,1,0,308487,308481,22.600000381469727,309915
	2026-02-07 13:52:23.401,1,0,1,0,308490,308484,22.600000381469727,309918
	2026-02-07 13:52:24.403,1,0,1,0,308493,308487,22.600000381469727,309921
	2026-02-07 13:52:25.402,1,0,1,0,308493,308487,22.600000381469727,309921
	2026-02-07 13:52:26.403,1,0,1,0,308496,308490,22.600000381469727,309924
	2026-02-07 13:52:27.402,1,0,1,0,308499,308493,22.600000381469727,309927
	2026-02-07 13:52:28.404,1,0,1,0,308499,308493,22.600000381469727,309927
	2026-02-07 13:52:29.402,1,0,1,0,308501,308495,22.600000381469727,309929
	2026-02-07 13:52:30.402,1,0,1,0,308504,308498,22.600000381469727,309932
	2026-02-07 13:52:31.404,1,0,1,0,308504,308498,22.600000381469727,309932
	2026-02-07 13:52:32.402,1,0,1,0,308507,308501,22.600000381469727,309935
	2026-02-07 13:52:33.403,1,0,1,0,308510,308504,22.600000381469727,309938
	2026-02-07 13:52:34.402,1,0,1,0,308510,308504,22.600000381469727,309938
	2026-02-07 13:52:35.403,1,0,1,0,308513,308507,22.600000381469727,309941
	2026-02-07 13:52:36.402,1,0,1,0,308516,308510,22.600000381469727,309944
	2026-02-07 13:52:37.403,1,0,1,0,308516,308510,22.600000381469727,309944
	2026-02-07 13:52:38.402,1,0,1,0,308519,308513,22.600000381469727,309947
	2026-02-07 13:52:39.402,1,0,1,0,308522,308516,22.600000381469727,309950
	2026-02-07 13:52:40.404,1,0,1,0,308522,308516,22.600000381469727,309950
	2026-02-07 13:52:41.403,1,0,1,0,308524,308518,22.600000381469727,309952
	2026-02-07 13:52:42.402,1,0,1,0,308527,308521,22.600000381469727,309955
	2026-02-07 13:52:43.403,1,0,1,0,308527,308521,22.600000381469727,309955
	2026-02-07 13:52:44.402,1,0,1,0,308530,308524,22.600000381469727,309958
	2026-02-07 13:52:45.402,1,0,1,0,308533,308527,22.600000381469727,309961
	2026-02-07 13:52:46.403,1,0,1,0,308533,308527,22.600000381469727,309961
	2026-02-07 13:52:47.402,1,0,1,0,308536,308530,22.600000381469727,309964
	2026-02-07 13:52:48.402,1,0,1,0,308538,308532,22.600000381469727,309966
	2026-02-07 13:52:49.403,1,0,1,0,308538,308532,22.600000381469727,309966
	2026-02-07 13:52:50.401,1,0,1,0,308541,308535,22.600000381469727,309969
	2026-02-07 13:52:51.402,1,0,1,0,308544,308538,22.600000381469727,309972
	2026-02-07 13:52:52.403,1,0,1,0,308544,308538,22.600000381469727,309972
	2026-02-07 13:52:53.403,1,0,1,0,308547,308541,22.600000381469727,309975
	2026-02-07 13:52:54.402,1,0,1,0,308550,308544,22.600000381469727,309978
	2026-02-07 13:52:55.403,1,0,1,0,308550,308544,22.600000381469727,309978
	2026-02-07 13:52:56.403,1,0,1,0,308553,308547,22.600000381469727,309981
	2026-02-07 13:52:57.403,1,0,1,0,308556,308550,22.600000381469727,309984
	2026-02-07 13:52:58.403,1,0,1,0,308556,308550,22.600000381469727,309984
	2026-02-07 13:52:59.402,1,0,1,0,308559,308553,22.600000381469727,309987
	2026-02-07 13:53:00.402,1,0,1,0,308561,308555,22.600000381469727,309989
	2026-02-07 13:53:01.402,1,0,1,0,308561,308555,22.600000381469727,309989
	2026-02-07 13:53:02.402,1,0,1,0,308564,308558,22.600000381469727,309992
	2026-02-07 13:53:03.401,1,0,1,0,308567,308561,22.600000381469727,309995
	2026-02-07 13:53:04.403,1,0,1,0,308567,308561,22.600000381469727,309995
	2026-02-07 13:53:05.404,1,0,1,0,308570,308564,22.600000381469727,309998
	2026-02-07 13:53:06.403,1,0,1,0,308573,308567,22.600000381469727,310001
	2026-02-07 13:53:07.403,1,0,1,0,308573,308567,22.600000381469727,310001
	2026-02-07 13:53:08.403,1,0,1,0,308576,308570,22.600000381469727,310004
	2026-02-07 13:53:09.402,1,0,1,0,308579,308573,22.600000381469727,310007
	2026-02-07 13:53:10.402,1,0,1,0,308579,308573,22.600000381469727,310007
	2026-02-07 13:53:11.402,1,0,1,0,308582,308576,22.600000381469727,310010
	2026-02-07 13:53:12.402,1,0,1,0,308584,308578,22.600000381469727,310012
	2026-02-07 13:53:13.401,1,0,1,0,308584,308578,22.600000381469727,310012
	2026-02-07 13:53:14.404,1,0,1,0,308587,308581,22.600000381469727,310015
	2026-02-07 13:53:15.403,1,0,1,0,308590,308584,22.600000381469727,310018
	2026-02-07 13:53:16.404,1,0,1,0,308590,308584,22.600000381469727,310018
	2026-02-07 13:53:17.401,1,0,1,0,308593,308587,22.600000381469727,310021
	2026-02-07 13:53:18.404,1,0,1,0,308596,308590,22.600000381469727,310024
	2026-02-07 13:53:19.402,1,0,1,0,308596,308590,22.600000381469727,310024
	2026-02-07 13:53:20.402,1,0,1,0,308599,308593,22.600000381469727,310027
	2026-02-07 13:53:21.400,1,0,1,0,308601,308595,22.600000381469727,310029
	2026-02-07 13:53:22.403,1,0,1,0,308601,308595,22.600000381469727,310029
	2026-02-07 13:53:23.403,1,0,1,0,308604,308598,22.600000381469727,310032
	2026-02-07 13:53:24.402,1,0,1,0,308607,308601,22.600000381469727,310035
	2026-02-07 13:53:25.404,1,0,1,0,308607,308601,22.600000381469727,310035
	2026-02-07 13:53:26.401,1,0,1,0,308610,308604,22.600000381469727,310038
	2026-02-07 13:53:27.403,1,0,1,0,308613,308607,22.600000381469727,310041
	2026-02-07 13:53:28.403,1,0,1,0,308613,308607,22.600000381469727,310041
	2026-02-07 13:53:29.402,1,0,1,0,308616,308610,22.600000381469727,310044
	2026-02-07 13:53:30.402,1,0,1,0,308619,308613,22.600000381469727,310047
	2026-02-07 13:53:31.402,1,0,1,0,308619,308613,22.600000381469727,310047
	2026-02-07 13:53:32.402,1,0,1,0,308622,308616,22.600000381469727,310050
	2026-02-07 13:53:33.403,1,0,1,0,308624,308618,22.600000381469727,310052
	2026-02-07 13:53:34.404,1,0,1,0,308624,308618,22.600000381469727,310052
	2026-02-07 13:53:35.403,1,0,1,0,308627,308621,22.600000381469727,310055
	2026-02-07 13:53:36.402,1,0,1,0,308630,308624,22.600000381469727,310058
	2026-02-07 13:53:37.404,1,0,1,0,308630,308624,22.600000381469727,310058
	2026-02-07 13:53:38.401,1,0,1,0,308633,308627,22.600000381469727,310061
	2026-02-07 13:53:39.402,1,0,1,0,308636,308630,22.600000381469727,310064
	2026-02-07 13:53:40.403,1,0,1,0,308636,308630,22.600000381469727,310064
	2026-02-07 13:53:41.401,1,0,1,0,308639,308633,22.600000381469727,310067
	2026-02-07 13:53:42.402,1,0,1,0,308642,308636,22.600000381469727,310070
	2026-02-07 13:53:43.403,1,0,1,0,308642,308636,22.600000381469727,310070
	2026-02-07 13:53:44.402,1,0,1,0,308644,308638,22.600000381469727,310072
	2026-02-07 13:53:45.402,1,0,1,0,308647,308641,22.600000381469727,310075
	2026-02-07 13:53:46.406,1,0,1,0,308647,308641,22.600000381469727,310075
	2026-02-07 13:53:47.402,1,0,1,0,308650,308644,22.600000381469727,310078
	2026-02-07 13:53:48.403,1,0,1,0,308653,308647,22.600000381469727,310081
	2026-02-07 13:53:49.403,1,0,1,0,308653,308647,22.600000381469727,310081
	2026-02-07 13:53:50.401,1,0,1,0,308656,308650,22.600000381469727,310084
	2026-02-07 13:53:51.403,1,0,1,0,308659,308653,22.600000381469727,310087
	2026-02-07 13:53:52.403,1,0,1,0,308659,308653,22.600000381469727,310087
	2026-02-07 13:53:53.401,1,0,1,0,308662,308656,22.600000381469727,310090
	2026-02-07 13:53:54.403,1,0,1,0,308664,308658,22.600000381469727,310092
	2026-02-07 13:53:55.403,1,0,1,0,308664,308658,22.600000381469727,310092
	2026-02-07 13:53:56.403,1,0,1,0,308667,308661,22.600000381469727,310095
	2026-02-07 13:53:57.403,1,0,1,0,308670,308664,22.600000381469727,310098
	2026-02-07 13:53:58.403,1,0,1,0,308670,308664,22.600000381469727,310098
	2026-02-07 13:53:59.403,1,0,1,0,308673,308667,22.600000381469727,310101
	2026-02-07 13:54:00.402,1,0,1,0,308676,308670,22.600000381469727,310104
	2026-02-07 13:54:01.404,1,0,1,0,308678,308672,22.600000381469727,310106
	2026-02-07 13:54:02.401,1,0,1,0,308678,308672,22.600000381469727,310106
	2026-02-07 13:54:03.402,1,0,1,0,308681,308675,22.600000381469727,310109
	2026-02-07 13:54:04.404,1,0,1,0,308684,308678,22.600000381469727,310112
	2026-02-07 13:54:05.402,1,0,1,0,308684,308678,22.600000381469727,310112
	2026-02-07 13:54:06.401,1,0,1,0,308687,308681,22.600000381469727,310115
	2026-02-07 13:54:07.402,1,0,1,0,308690,308684,22.600000381469727,310118
	2026-02-07 13:54:08.402,1,0,1,0,308690,308684,22.600000381469727,310118
	2026-02-07 13:54:09.401,1,0,1,0,308693,308687,22.600000381469727,310121
	2026-02-07 13:54:10.404,1,0,1,0,308696,308690,22.600000381469727,310124
	2026-02-07 13:54:11.402,1,0,1,0,308696,308690,22.600000381469727,310124
	2026-02-07 13:54:12.405,1,0,1,0,308698,308692,22.600000381469727,310126
	2026-02-07 13:54:13.403,1,0,1,0,308701,308695,22.600000381469727,310129
	2026-02-07 13:54:14.403,1,0,1,0,308701,308695,22.600000381469727,310129
	2026-02-07 13:54:15.401,1,0,1,0,308704,308698,22.600000381469727,310132
	2026-02-07 13:54:16.403,1,0,1,0,308707,308701,22.600000381469727,310135
	2026-02-07 13:54:17.401,1,0,1,0,308707,308701,22.600000381469727,310135
	2026-02-07 13:54:18.404,1,0,1,0,308710,308704,22.600000381469727,310138
	2026-02-07 13:54:19.403,1,0,1,0,308713,308707,22.600000381469727,310141
	2026-02-07 13:54:20.401,1,0,1,0,308713,308707,22.600000381469727,310141
	2026-02-07 13:54:21.402,1,0,1,0,308716,308710,22.600000381469727,310144
	2026-02-07 13:54:22.403,1,0,1,0,308718,308712,22.600000381469727,310146
	2026-02-07 13:54:23.403,1,0,1,0,308718,308712,22.600000381469727,310146
	2026-02-07 13:54:24.403,1,0,1,0,308721,308715,22.600000381469727,310149
	2026-02-07 13:54:25.402,1,0,1,0,308724,308718,22.600000381469727,310152
	2026-02-07 13:54:26.402,1,0,1,0,308724,308718,22.600000381469727,310152
	2026-02-07 13:54:27.402,1,0,1,0,308727,308721,22.600000381469727,310155
	2026-02-07 13:54:28.402,1,0,1,0,308730,308724,22.600000381469727,310158
	2026-02-07 13:54:29.401,1,0,1,0,308730,308724,22.600000381469727,310158
	2026-02-07 13:54:30.402,1,0,1,0,308733,308727,22.600000381469727,310161
	2026-02-07 13:54:31.403,1,0,1,0,308736,308730,22.600000381469727,310164
	2026-02-07 13:54:32.404,1,0,1,0,308736,308730,22.600000381469727,310164
	2026-02-07 13:54:33.401,1,0,1,0,308738,308732,22.600000381469727,310166
	2026-02-07 13:54:34.403,1,0,1,0,308741,308735,22.600000381469727,310169
	2026-02-07 13:54:35.402,1,0,1,0,308741,308735,22.600000381469727,310169
	2026-02-07 13:54:36.403,1,0,1,0,308744,308738,22.600000381469727,310172
	2026-02-07 13:54:37.403,1,0,1,0,308747,308741,22.600000381469727,310175
	2026-02-07 13:54:38.403,1,0,1,0,308747,308741,22.600000381469727,310175
	2026-02-07 13:54:39.402,1,0,1,0,308750,308744,22.600000381469727,310178
	2026-02-07 13:54:40.403,1,0,1,0,308753,308747,22.600000381469727,310181
	2026-02-07 13:54:41.401,1,0,1,0,308753,308747,22.600000381469727,310181
	2026-02-07 13:54:42.402,1,0,1,0,308755,308749,22.600000381469727,310183
	2026-02-07 13:54:43.403,1,0,1,0,308758,308752,22.600000381469727,310186
	2026-02-07 13:54:44.403,1,0,1,0,308758,308752,22.600000381469727,310186
	2026-02-07 13:54:45.401,1,0,1,0,308761,308755,22.600000381469727,310189
	2026-02-07 13:54:46.403,1,0,1,0,308764,308758,22.600000381469727,310192
	2026-02-07 13:54:47.403,1,0,1,0,308764,308758,22.600000381469727,310192
	2026-02-07 13:54:48.401,1,0,1,0,308767,308761,22.600000381469727,310195
	2026-02-07 13:54:49.403,1,0,1,0,308770,308764,22.600000381469727,310198
	2026-02-07 13:54:50.403,1,0,1,0,308770,308764,22.600000381469727,310198
	2026-02-07 13:54:51.403,1,0,1,0,308773,308767,22.600000381469727,310201
	2026-02-07 13:54:52.403,1,0,1,0,308775,308769,22.600000381469727,310203
	2026-02-07 13:54:53.402,1,0,1,0,308775,308769,22.600000381469727,310203
	2026-02-07 13:54:54.402,1,0,1,0,308778,308772,22.600000381469727,310206
	2026-02-07 13:54:55.403,1,0,1,0,308781,308775,22.600000381469727,310209
	2026-02-07 13:54:56.402,1,0,1,0,308781,308775,22.600000381469727,310209
	2026-02-07 13:54:57.402,1,0,1,0,308784,308778,22.600000381469727,310212
	2026-02-07 13:54:58.404,1,0,1,0,308787,308781,22.600000381469727,310215
	2026-02-07 13:54:59.401,1,0,1,0,308787,308781,22.600000381469727,310215
	2026-02-07 13:55:00.402,1,0,1,0,308790,308784,22.600000381469727,310218
	2026-02-07 13:55:01.403,1,0,1,0,308793,308787,22.600000381469727,310221
	2026-02-07 13:55:02.401,1,0,1,0,308793,308787,22.600000381469727,310221
	2026-02-07 13:55:03.403,1,0,1,0,308796,308790,22.600000381469727,310224
	2026-02-07 13:55:04.403,1,0,1,0,308799,308793,22.600000381469727,310227
	2026-02-07 13:55:05.401,1,0,1,0,308799,308793,22.600000381469727,310227
	2026-02-07 13:55:06.403,1,0,1,0,308802,308796,22.600000381469727,310230
	2026-02-07 13:55:07.403,1,0,1,0,308802,308796,22.600000381469727,310230
	2026-02-07 13:55:08.402,1,0,1,0,308805,308799,22.600000381469727,310233
	2026-02-07 13:55:09.402,1,0,1,0,308807,308801,22.600000381469727,310235
	2026-02-07 13:55:10.403,1,0,1,0,308807,308801,22.600000381469727,310235
	2026-02-07 13:55:11.401,1,0,1,0,308810,308804,22.600000381469727,310238
	2026-02-07 13:55:12.401,1,0,1,0,308813,308807,22.600000381469727,310241
	2026-02-07 13:55:13.403,1,0,1,0,308813,308807,22.600000381469727,310241
	2026-02-07 13:55:14.402,1,0,1,0,308816,308810,22.600000381469727,310244
	2026-02-07 13:55:15.401,1,0,1,0,308819,308813,22.600000381469727,310247
	2026-02-07 13:55:16.403,1,0,1,0,308819,308813,22.600000381469727,310247
	2026-02-07 13:55:17.401,1,0,1,0,308822,308816,22.600000381469727,310250
	2026-02-07 13:55:18.402,1,0,1,0,308825,308819,22.600000381469727,310253
	2026-02-07 13:55:19.403,1,0,1,0,308825,308819,22.600000381469727,310253
	2026-02-07 13:55:20.401,1,0,1,0,308827,308821,22.600000381469727,310255
	2026-02-07 13:55:21.402,1,0,1,0,308830,308824,22.600000381469727,310258
	2026-02-07 13:55:22.403,1,0,1,0,308830,308824,22.600000381469727,310258
	2026-02-07 13:55:23.401,1,0,1,0,308833,308827,22.600000381469727,310261
	2026-02-07 13:55:24.401,1,0,1,0,308836,308830,22.600000381469727,310264
	2026-02-07 13:55:25.402,1,0,1,0,308836,308830,22.600000381469727,310264
	2026-02-07 13:55:26.404,1,0,1,0,308839,308833,22.600000381469727,310267
	2026-02-07 13:55:27.402,1,0,1,0,308842,308836,22.600000381469727,310270
	2026-02-07 13:55:28.403,1,0,1,0,308842,308836,22.600000381469727,310270
	2026-02-07 13:55:29.402,1,0,1,0,308845,308839,22.600000381469727,310273
	2026-02-07 13:55:30.402,1,0,1,0,308847,308841,22.600000381469727,310275
	2026-02-07 13:55:31.403,1,0,1,0,308847,308841,22.600000381469727,310275
	2026-02-07 13:55:32.403,1,0,1,0,308850,308844,22.600000381469727,310278
	2026-02-07 13:55:33.404,1,0,1,0,308853,308847,22.600000381469727,310281
	2026-02-07 13:55:34.403,1,0,1,0,308853,308847,22.600000381469727,310281
	2026-02-07 13:55:35.402,1,0,1,0,308856,308850,22.600000381469727,310284
	2026-02-07 13:55:36.403,1,0,1,0,308859,308853,22.600000381469727,310287
	2026-02-07 13:55:37.401,1,0,1,0,308861,308855,22.600000381469727,310289
	2026-02-07 13:55:38.402,1,0,1,0,308861,308855,22.600000381469727,310289
	2026-02-07 13:55:39.401,1,0,1,0,308864,308858,22.600000381469727,310292
	2026-02-07 13:55:40.403,1,0,1,0,308867,308861,22.600000381469727,310295
	2026-02-07 13:55:41.403,1,0,1,0,308867,308861,22.600000381469727,310295
	2026-02-07 13:55:42.403,1,0,1,0,308870,308864,22.600000381469727,310298
	2026-02-07 13:55:43.403,1,0,1,0,308873,308867,22.600000381469727,310301
	2026-02-07 13:55:44.403,1,0,1,0,308873,308867,22.600000381469727,310301
	2026-02-07 13:55:45.403,1,0,1,0,308876,308870,22.600000381469727,310304
	2026-02-07 13:55:46.403,1,0,1,0,308878,308872,22.600000381469727,310306
	2026-02-07 13:55:47.402,1,0,1,0,308878,308872,22.600000381469727,310306
	2026-02-07 13:55:48.401,1,0,1,0,308881,308875,22.600000381469727,310309
	2026-02-07 13:55:49.403,1,0,1,0,308884,308878,22.600000381469727,310312
	2026-02-07 13:55:50.402,1,0,1,0,308884,308878,22.600000381469727,310312
	2026-02-07 13:55:51.403,1,0,1,0,308887,308881,22.600000381469727,310315
	2026-02-07 13:55:52.404,1,0,1,0,308889,308883,22.600000381469727,310317
	2026-02-07 13:55:53.403,1,0,1,0,308889,308883,22.600000381469727,310317
	2026-02-07 13:55:54.401,1,0,1,0,308892,308886,22.600000381469727,310320
	2026-02-07 13:55:55.404,1,0,1,0,308895,308889,22.600000381469727,310323
	2026-02-07 13:55:56.402,1,0,1,0,308898,308892,22.600000381469727,310326
	2026-02-07 13:55:57.400,1,0,1,0,308898,308892,22.600000381469727,310326
	2026-02-07 13:55:58.403,1,0,1,0,308900,308894,22.600000381469727,310328
	2026-02-07 13:55:59.402,1,0,1,0,308903,308897,22.600000381469727,310331
	2026-02-07 13:56:00.403,1,0,1,0,308903,308897,22.600000381469727,310331
	2026-02-07 13:56:01.403,1,0,1,0,308906,308900,22.600000381469727,310334
	2026-02-07 13:56:02.401,1,0,1,0,308909,308903,22.600000381469727,310337
	2026-02-07 13:56:03.403,1,0,1,0,308909,308903,22.600000381469727,310337
	2026-02-07 13:56:04.403,1,0,1,0,308912,308906,22.600000381469727,310340
	2026-02-07 13:56:05.401,1,0,1,0,308912,308906,22.600000381469727,310340
	2026-02-07 13:56:06.403,1,0,1,0,308915,308909,22.600000381469727,310343
	2026-02-07 13:56:07.401,1,0,1,0,308918,308912,22.600000381469727,310346
	2026-02-07 13:56:08.401,1,0,1,0,308918,308912,22.600000381469727,310346
	2026-02-07 13:56:09.402,1,0,1,0,308921,308915,22.600000381469727,310349
	2026-02-07 13:56:10.403,1,0,1,0,308924,308918,22.600000381469727,310352
	2026-02-07 13:56:11.402,1,0,1,0,308926,308920,22.600000381469727,310354
	2026-02-07 13:56:12.403,1,0,1,0,308926,308920,22.600000381469727,310354
	2026-02-07 13:56:13.404,1,0,1,0,308929,308923,22.600000381469727,310357
	2026-02-07 13:56:14.401,1,0,1,0,308932,308926,22.600000381469727,310360
	2026-02-07 13:56:15.404,1,0,1,0,308932,308926,22.600000381469727,310360
	2026-02-07 13:56:16.404,1,0,1,0,308935,308929,22.600000381469727,310363
	2026-02-07 13:56:17.406,1,0,1,0,308938,308932,22.600000381469727,310366
	2026-02-07 13:56:18.401,1,0,1,0,308938,308932,22.600000381469727,310366
	2026-02-07 13:56:19.404,1,0,1,0,308940,308934,22.600000381469727,310368
	2026-02-07 13:56:20.407,1,0,1,0,308943,308937,22.600000381469727,310371
	2026-02-07 13:56:21.405,1,0,1,0,308943,308937,22.600000381469727,310371
	2026-02-07 13:56:22.619,1,0,1,0,308946,308940,22.600000381469727,310374
	2026-02-07 13:56:23.401,1,0,1,0,308949,308943,22.600000381469727,310377
	2026-02-07 13:56:24.402,1,0,1,0,308949,308943,22.600000381469727,310377
	2026-02-07 13:56:25.403,1,0,1,0,308952,308946,22.600000381469727,310380
	2026-02-07 13:56:26.401,1,0,1,0,308955,308949,22.600000381469727,310383
	2026-02-07 13:56:27.408,1,0,1,0,308955,308949,22.600000381469727,310383
	2026-02-07 13:56:28.403,1,0,1,0,308957,308951,22.600000381469727,310385
	2026-02-07 13:56:29.404,1,0,1,0,308960,308954,22.600000381469727,310388
	2026-02-07 13:56:30.402,1,0,1,0,308963,308957,22.600000381469727,310391
	2026-02-07 13:56:31.403,1,0,1,0,308963,308957,22.600000381469727,310391
	2026-02-07 13:56:32.401,1,0,1,0,308966,308960,22.600000381469727,310394
	2026-02-07 13:56:33.402,1,0,1,0,308968,308962,22.600000381469727,310396
	2026-02-07 13:56:34.429,1,0,1,0,308968,308962,22.600000381469727,310396
	2026-02-07 13:56:35.402,1,0,1,0,308971,308965,22.600000381469727,310399
	2026-02-07 13:56:36.418,1,0,1,0,308974,308968,22.600000381469727,310402
	2026-02-07 13:56:37.402,1,0,1,0,308974,308968,22.600000381469727,310402
	2026-02-07 13:56:38.408,1,0,1,0,308977,308971,22.600000381469727,310405
	2026-02-07 13:56:39.500,1,0,1,0,308979,308973,22.600000381469727,310407
	2026-02-07 13:56:40.629,1,0,1,0,308982,308976,22.600000381469727,310410
	2026-02-07 13:56:41.402,1,0,1,0,308982,308976,22.600000381469727,310410
	2026-02-07 13:56:42.403,1,0,1,0,308985,308979,22.600000381469727,310413
	2026-02-07 13:56:43.403,1,0,1,0,308985,308979,22.600000381469727,310413
	2026-02-07 13:56:44.403,1,0,1,0,308988,308982,22.600000381469727,310416
	2026-02-07 13:56:45.526,1,0,1,0,308991,308985,22.600000381469727,310419
	2026-02-07 13:56:46.403,1,0,1,0,308994,308988,22.600000381469727,310422
	2026-02-07 13:56:47.401,1,0,1,0,308994,308988,22.600000381469727,310422
	2026-02-07 13:56:48.401,1,0,1,0,308997,308991,22.600000381469727,310425
	2026-02-07 13:56:49.402,1,0,1,0,308999,308993,22.600000381469727,310427
	2026-02-07 13:56:50.403,1,0,1,0,308999,308993,22.600000381469727,310427
	2026-02-07 13:56:51.650,1,0,1,0,309002,308996,22.600000381469727,310430
	2026-02-07 13:56:52.403,1,0,1,0,309005,308999,22.600000381469727,310433
	2026-02-07 13:56:53.416,1,0,1,0,309005,308999,22.600000381469727,310433
	2026-02-07 13:56:54.404,1,0,1,0,309008,309002,22.600000381469727,310436
	2026-02-07 13:56:55.403,1,0,1,0,309011,309005,22.600000381469727,310439
	2026-02-07 13:56:56.401,1,0,1,0,309011,309005,22.600000381469727,310439
	2026-02-07 13:56:57.401,1,0,1,0,309014,309008,22.600000381469727,310442
	2026-02-07 13:56:58.404,1,0,1,0,309016,309010,22.600000381469727,310444
	2026-02-07 13:56:59.401,1,0,1,0,309016,309010,22.600000381469727,310444
	2026-02-07 13:57:00.402,1,0,1,0,309019,309013,22.600000381469727,310447
	2026-02-07 13:57:01.402,1,0,1,0,309022,309016,22.600000381469727,310450
	2026-02-07 13:57:02.402,1,0,1,0,309022,309016,22.600000381469727,310450
	2026-02-07 13:57:03.401,1,0,1,0,309024,309018,22.600000381469727,310452
	2026-02-07 13:57:04.403,1,0,1,0,309027,309021,22.600000381469727,310455
	2026-02-07 13:57:05.403,1,0,1,0,309027,309021,22.600000381469727,310455
	2026-02-07 13:57:06.401,1,0,1,0,309030,309024,22.600000381469727,310458
	2026-02-07 13:57:07.403,1,0,1,0,309033,309027,22.600000381469727,310461
	2026-02-07 13:57:08.401,1,0,1,0,309036,309030,22.600000381469727,310464
	2026-02-07 13:57:09.401,1,0,1,0,309036,309030,22.600000381469727,310464
	2026-02-07 13:57:10.404,1,0,1,0,309038,309032,22.600000381469727,310466
	2026-02-07 13:57:11.402,1,0,1,0,309041,309035,22.600000381469727,310469
	2026-02-07 13:57:12.401,1,0,1,0,309041,309035,22.600000381469727,310469
	2026-02-07 13:57:13.404,1,0,1,0,309044,309038,22.600000381469727,310472
	2026-02-07 13:57:14.405,1,0,1,0,309047,309041,22.600000381469727,310475
	2026-02-07 13:57:15.401,1,0,1,0,309047,309041,22.600000381469727,310475
	2026-02-07 13:57:16.404,1,0,1,0,309049,309043,22.600000381469727,310477
	2026-02-07 13:57:17.405,1,0,1,0,309052,309046,22.600000381469727,310480
	2026-02-07 13:57:18.401,1,0,1,0,309052,309046,22.600000381469727,310480
	2026-02-07 13:57:19.405,1,0,1,0,309055,309049,22.600000381469727,310483
	2026-02-07 13:57:20.406,1,0,1,0,309058,309052,22.600000381469727,310486
	2026-02-07 13:57:21.402,1,0,1,0,309058,309052,22.600000381469727,310486
	2026-02-07 13:57:22.405,1,0,1,0,309061,309055,22.600000381469727,310489
	2026-02-07 13:57:23.401,1,0,1,0,309063,309057,22.600000381469727,310491
	2026-02-07 13:57:24.402,1,0,1,0,309066,309060,22.600000381469727,310494
	2026-02-07 13:57:25.473,1,0,1,0,309066,309060,22.600000381469727,310494
	2026-02-07 13:57:26.409,1,0,1,0,309069,309063,22.600000381469727,310497
	2026-02-07 13:57:27.403,1,0,1,0,309071,309065,22.600000381469727,310499
	2026-02-07 13:57:28.404,1,0,1,0,309071,309065,22.600000381469727,310499
	2026-02-07 13:57:29.407,1,0,1,0,309074,309068,22.600000381469727,310502
	2026-02-07 13:57:30.403,1,0,1,0,309077,309071,22.600000381469727,310505
	2026-02-07 13:57:31.405,1,0,1,0,309077,309071,22.600000381469727,310505
	2026-02-07 13:57:32.402,1,0,1,0,309080,309074,22.600000381469727,310508
	2026-02-07 13:57:33.401,1,0,1,0,309082,309076,22.600000381469727,310510
	2026-02-07 13:57:34.405,1,0,1,0,309082,309076,22.600000381469727,310510
	2026-02-07 13:57:35.405,1,0,1,0,309085,309079,22.600000381469727,310513
	2026-02-07 13:57:36.404,1,0,1,0,309088,309082,22.600000381469727,310516
	2026-02-07 13:57:37.405,1,0,1,0,309088,309082,22.600000381469727,310516
	2026-02-07 13:57:38.406,1,0,1,0,309091,309085,22.600000381469727,310519
	2026-02-07 13:57:39.402,1,0,1,0,309094,309088,22.600000381469727,310522
	2026-02-07 13:57:40.404,1,0,1,0,309094,309088,22.600000381469727,310522
	2026-02-07 13:57:41.406,1,0,1,0,309097,309091,22.600000381469727,310525
	2026-02-07 13:57:42.402,1,0,1,0,309099,309093,22.600000381469727,310527
	2026-02-07 13:57:43.401,1,0,1,0,309099,309093,22.600000381469727,310527
	2026-02-07 13:57:44.406,1,0,1,0,309102,309096,22.600000381469727,310530
	2026-02-07 13:57:45.401,1,0,1,0,309105,309099,22.600000381469727,310533
	2026-02-07 13:57:46.415,1,0,1,0,309105,309099,22.600000381469727,310533
	2026-02-07 13:57:47.408,1,0,1,0,309108,309102,22.600000381469727,310536
	2026-02-07 13:57:48.402,1,0,1,0,309111,309105,22.600000381469727,310539
	2026-02-07 13:57:49.406,1,0,1,0,309113,309107,22.600000381469727,310541
	2026-02-07 13:57:50.407,1,0,1,0,309113,309107,22.600000381469727,310541
	2026-02-07 13:57:51.404,1,0,1,0,309116,309110,22.600000381469727,310544
	2026-02-07 13:57:52.405,1,0,1,0,309119,309113,22.600000381469727,310547
	2026-02-07 13:57:53.408,1,0,1,0,309119,309113,22.600000381469727,310547
	2026-02-07 13:57:54.401,1,0,1,0,309122,309116,22.600000381469727,310550
	2026-02-07 13:57:55.405,1,0,1,0,309124,309118,22.600000381469727,310552
	2026-02-07 13:57:56.405,1,0,1,0,309124,309118,22.600000381469727,310552
	2026-02-07 13:57:57.401,1,0,1,0,309127,309121,22.600000381469727,310555
	2026-02-07 13:57:58.405,1,0,1,0,309130,309124,22.600000381469727,310558
	2026-02-07 13:57:59.404,1,0,1,0,309130,309124,22.600000381469727,310558
	2026-02-07 13:58:00.403,1,0,1,0,309133,309127,22.600000381469727,310561
	2026-02-07 13:58:01.404,1,0,1,0,309136,309130,22.600000381469727,310564
	2026-02-07 13:58:02.406,1,0,1,0,309136,309130,22.600000381469727,310564
	2026-02-07 13:58:03.402,1,0,1,0,309139,309133,22.600000381469727,310567
	2026-02-07 13:58:04.408,1,0,1,0,309141,309135,22.600000381469727,310569
	2026-02-07 13:58:05.404,1,0,1,0,309141,309135,22.600000381469727,310569
	2026-02-07 13:58:06.402,1,0,1,0,309144,309138,22.600000381469727,310572
	2026-02-07 13:58:07.404,1,0,1,0,309144,309138,22.600000381469727,310572
	2026-02-07 13:58:08.418,1,0,1,0,309144,309138,22.600000381469727,310572
	2026-02-07 13:58:09.401,1,0,1,0,309144,309138,22.600000381469727,310572
	2026-02-07 13:58:10.405,1,0,1,0,309144,309138,22.600000381469727,310572
	2026-02-07 13:58:11.401,1,0,1,0,309144,309138,22.600000381469727,310572
	2026-02-07 13:58:12.403,1,0,1,0,309144,309138,22.600000381469727,310572
	2026-02-07 13:58:13.401,1,0,1,0,309144,309138,22.600000381469727,310572
	2026-02-07 13:58:14.408,1,0,1,0,309144,309138,22.600000381469727,310572
	2026-02-07 13:58:15.402,1,0,1,0,309144,309138,22.600000381469727,310572
	2026-02-07 13:58:16.401,1,0,1,0,309144,309138,22.600000381469727,310572
	2026-02-07 13:58:17.404,1,0,1,0,309144,309138,22.600000381469727,310572
	2026-02-07 13:58:18.401,1,0,1,0,309144,309138,22.600000381469727,310572
	2026-02-07 13:58:19.404,1,0,1,0,309144,309138,22.600000381469727,310572
	2026-02-07 13:58:20.403,1,0,1,0,309144,309138,22.600000381469727,310572
	2026-02-07 13:58:21.403,1,0,1,0,309144,309138,22.600000381469727,310572
	2026-02-07 13:58:22.402,1,0,1,0,309161,309155,22.600000381469727,310589
	2026-02-07 13:58:23.404,1,0,1,0,309163,309157,22.600000381469727,310591
	2026-02-07 13:58:24.402,1,0,1,0,309163,309157,22.600000381469727,310591
	2026-02-07 13:58:25.405,1,0,1,0,309166,309160,22.600000381469727,310594
	2026-02-07 13:58:26.406,1,0,1,0,309169,309163,22.600000381469727,310597
	2026-02-07 13:58:27.402,1,0,1,0,309171,309165,22.600000381469727,310599
	2026-02-07 13:58:28.401,1,0,1,0,309172,309166,22.600000381469727,310600
	2026-02-07 13:58:29.401,1,0,1,0,309174,309168,22.600000381469727,310602
	2026-02-07 13:58:30.402,1,0,1,0,309175,309169,22.600000381469727,310603
	2026-02-07 13:58:31.404,1,0,1,0,309179,309173,22.600000381469727,310607
	2026-02-07 13:58:32.407,1,0,1,0,309180,309174,22.600000381469727,310608
	2026-02-07 13:58:33.401,1,0,1,0,309182,309176,22.600000381469727,310610
	2026-02-07 13:58:34.407,1,0,1,0,309183,309177,22.600000381469727,310611
	2026-02-07 13:58:35.408,1,0,1,0,309185,309179,22.600000381469727,310613
	2026-02-07 13:58:36.402,1,0,1,0,309187,309181,22.600000381469727,310615
	2026-02-07 13:58:37.422,1,0,1,0,309190,309184,22.600000381469727,310618
	2026-02-07 13:58:38.401,1,0,1,0,309191,309185,22.600000381469727,310619
	2026-02-07 13:58:39.403,1,0,1,0,309193,309187,22.600000381469727,310621
	2026-02-07 13:58:40.402,1,0,1,0,309195,309189,22.600000381469727,310623
	2026-02-07 13:58:42.861,1,0,1,0,309199,309193,22.600000381469727,310627
	2026-02-07 13:58:43.401,1,0,1,0,309201,309195,22.600000381469727,310629
	2026-02-07 13:58:44.404,1,0,1,0,309203,309197,22.600000381469727,310631
	2026-02-07 13:58:45.402,1,0,1,0,309204,309198,22.600000381469727,310632
	2026-02-07 13:58:46.405,1,0,1,0,309206,309200,22.600000381469727,310634
	2026-02-07 13:58:47.403,1,0,1,0,309209,309203,22.600000381469727,310637
	2026-02-07 13:58:48.402,1,0,1,0,309211,309205,22.600000381469727,310639
	2026-02-07 13:58:49.408,1,0,1,0,309212,309206,22.600000381469727,310640
	2026-02-07 13:58:50.406,1,0,1,0,309214,309208,22.600000381469727,310642
	2026-02-07 13:58:51.401,1,0,1,0,309217,309211,22.600000381469727,310645
	2026-02-07 13:58:52.404,1,0,1,0,309219,309213,22.600000381469727,310647
	2026-02-07 13:58:53.404,1,0,1,0,309221,309215,22.600000381469727,310649
	2026-02-07 13:58:54.403,1,0,1,0,309222,309216,22.600000381469727,310650
	2026-02-07 13:58:55.404,1,0,1,0,309224,309218,22.600000381469727,310652
	2026-02-07 13:58:56.402,1,0,1,0,309225,309219,22.600000381469727,310653
	2026-02-07 13:58:57.401,1,0,1,0,309225,309219,22.600000381469727,310653
	2026-02-07 13:58:58.406,1,0,1,0,309225,309219,22.600000381469727,310653
	2026-02-07 13:58:59.406,1,0,1,0,309225,309219,22.600000381469727,310653
	2026-02-07 13:59:00.402,1,0,1,0,309225,309219,22.600000381469727,310653
	2026-02-07 13:59:01.404,1,0,1,0,309225,309219,22.600000381469727,310653
	2026-02-07 13:59:02.402,1,0,1,0,309225,309219,22.600000381469727,310653
	2026-02-07 13:59:03.403,1,0,1,0,309225,309219,22.600000381469727,310653
	2026-02-07 13:59:04.401,1,0,1,0,309225,309219,22.600000381469727,310653
	2026-02-07 13:59:05.407,1,0,1,0,309225,309219,22.600000381469727,310653
	2026-02-07 13:59:06.401,1,0,1,0,309225,309219,22.600000381469727,310653
	2026-02-07 13:59:07.407,1,0,1,0,309225,309219,22.600000381469727,310653
	2026-02-07 13:59:08.405,1,0,1,0,309225,309219,22.600000381469727,310653
	2026-02-07 13:59:09.404,1,0,1,0,309225,309219,22.600000381469727,310653
	2026-02-07 13:59:10.401,1,0,1,0,309225,309219,22.600000381469727,310653
	2026-02-07 13:59:11.403,1,0,1,0,309225,309219,22.600000381469727,310653
	2026-02-07 13:59:12.403,1,0,1,0,309225,309219,22.600000381469727,310653
	2026-02-07 13:59:13.402,1,0,1,0,309225,309219,22.600000381469727,310653
	2026-02-07 13:59:14.404,1,0,1,0,309225,309219,22.600000381469727,310653
	2026-02-07 13:59:15.402,1,0,1,0,309225,309219,22.600000381469727,310653
	2026-02-07 13:59:16.403,1,0,1,0,309225,309219,22.600000381469727,310653
	2026-02-07 13:59:17.401,1,0,1,0,309246,309240,22.600000381469727,310674
	2026-02-07 13:59:18.402,1,0,1,0,309246,309240,22.600000381469727,310674
	2026-02-07 13:59:19.404,1,0,1,0,309249,309243,22.600000381469727,310677
	2026-02-07 13:59:20.406,1,0,1,0,309252,309246,22.600000381469727,310680
	2026-02-07 13:59:21.402,1,0,1,0,309252,309246,22.600000381469727,310680
	2026-02-07 13:59:22.416,1,0,1,0,309255,309249,22.600000381469727,310683
	2026-02-07 13:59:23.426,1,0,1,0,309257,309251,22.600000381469727,310685
	2026-02-07 13:59:24.403,1,0,1,0,309260,309254,22.600000381469727,310688
	2026-02-07 13:59:25.402,1,0,1,0,309260,309254,22.600000381469727,310688
	2026-02-07 13:59:26.406,1,0,1,0,309263,309257,22.600000381469727,310691
	2026-02-07 13:59:27.403,1,0,1,0,309263,309257,22.600000381469727,310691
	2026-02-07 13:59:28.405,1,0,1,0,309266,309260,22.600000381469727,310694
	2026-02-07 13:59:29.406,1,0,1,0,309269,309263,22.600000381469727,310697
	2026-02-07 13:59:30.402,1,0,1,0,309269,309263,22.600000381469727,310697
	2026-02-07 13:59:31.403,1,0,1,0,309272,309266,22.600000381469727,310700
	2026-02-07 13:59:32.407,1,0,1,0,309275,309269,22.600000381469727,310703
	2026-02-07 13:59:33.411,1,0,1,0,309275,309269,22.600000381469727,310703
	2026-02-07 13:59:34.401,1,0,1,0,309277,309271,22.600000381469727,310705
	2026-02-07 13:59:35.408,1,0,1,0,309280,309274,22.600000381469727,310708
	2026-02-07 13:59:36.403,1,0,1,0,309280,309274,22.600000381469727,310708
	2026-02-07 13:59:37.404,1,0,1,0,309283,309277,22.600000381469727,310711
	2026-02-07 13:59:38.401,1,0,1,0,309286,309280,22.600000381469727,310714
	2026-02-07 13:59:39.402,1,0,1,0,309286,309280,22.600000381469727,310714
	2026-02-07 13:59:40.409,1,0,1,0,309286,309280,22.600000381469727,310714
	2026-02-07 13:59:41.404,1,0,1,0,309286,309280,22.600000381469727,310714
	2026-02-07 13:59:42.401,1,0,1,0,309286,309280,22.600000381469727,310714
	2026-02-07 13:59:43.405,1,0,1,0,309286,309280,22.600000381469727,310714
	2026-02-07 13:59:44.406,1,0,1,0,309286,309280,22.600000381469727,310714
	2026-02-07 13:59:45.401,1,0,1,0,309286,309280,22.600000381469727,310714
	2026-02-07 13:59:46.404,1,0,1,0,309286,309280,22.600000381469727,310714
	2026-02-07 13:59:47.402,1,0,1,0,309286,309280,22.600000381469727,310714
	2026-02-07 13:59:48.402,1,0,1,0,309286,309280,22.600000381469727,310714
	2026-02-07 13:59:49.401,1,0,1,0,309286,309280,22.600000381469727,310714
	2026-02-07 13:59:50.405,1,0,1,0,309286,309280,22.600000381469727,310714
	2026-02-07 13:59:51.400,1,0,1,0,309286,309280,22.600000381469727,310714
	2026-02-07 13:59:52.402,1,0,1,0,309286,309280,22.600000381469727,310714
	2026-02-07 13:59:53.407,1,0,1,0,309286,309280,22.600000381469727,310714
	2026-02-07 13:59:54.402,1,0,1,0,309286,309280,22.600000381469727,310714
	2026-02-07 13:59:55.403,1,0,1,0,309303,309297,22.600000381469727,310731
	2026-02-07 13:59:56.404,1,0,1,0,309303,309297,22.600000381469727,310731
	2026-02-07 13:59:57.403,1,0,1,0,309306,309300,22.600000381469727,310734
	2026-02-07 13:59:58.405,1,0,1,0,309308,309302,22.600000381469727,310736
	2026-02-07 13:59:59.404,1,0,1,0,309308,309302,22.600000381469727,310736
	2026-02-07 14:00:00.404,1,0,1,0,309311,309305,22.600000381469727,310739
	2026-02-07 14:00:01.404,1,0,1,0,309314,309308,22.600000381469727,310742
	2026-02-07 14:00:02.407,1,0,1,0,309314,309308,22.600000381469727,310742
	2026-02-07 14:00:03.401,1,0,1,0,309317,309311,22.600000381469727,310745
	2026-02-07 14:00:04.405,1,0,1,0,309320,309314,22.600000381469727,310748
	2026-02-07 14:00:05.406,1,0,1,0,309320,309314,22.600000381469727,310748
	2026-02-07 14:00:06.407,1,0,1,0,309323,309317,22.600000381469727,310751
	2026-02-07 14:00:07.401,1,0,1,0,309325,309319,22.600000381469727,310753
	2026-02-07 14:00:08.428,1,0,1,0,309325,309319,22.600000381469727,310753
	2026-02-07 14:00:09.402,1,0,1,0,309328,309322,22.600000381469727,310756
	2026-02-07 14:00:10.405,1,0,1,0,309331,309325,22.600000381469727,310759
	2026-02-07 14:00:11.487,1,0,1,0,309331,309325,22.600000381469727,310759
	2026-02-07 14:00:12.400,1,0,1,0,309334,309328,22.600000381469727,310762
	2026-02-07 14:00:13.407,1,0,1,0,309337,309331,22.600000381469727,310765
	2026-02-07 14:00:14.402,1,0,1,0,309337,309331,22.600000381469727,310765
	2026-02-07 14:00:15.402,1,0,1,0,309340,309334,22.600000381469727,310768
	2026-02-07 14:00:16.401,1,0,1,0,309343,309337,22.600000381469727,310771
	2026-02-07 14:00:17.406,1,0,1,0,309345,309339,22.600000381469727,310773
	2026-02-07 14:00:18.402,1,0,1,0,309346,309340,22.600000381469727,310774
	2026-02-07 14:00:19.405,1,0,1,0,309348,309342,22.600000381469727,310776
	2026-02-07 14:00:20.408,1,0,1,0,309350,309344,22.600000381469727,310778
	2026-02-07 14:00:21.401,1,0,1,0,309353,309347,22.600000381469727,310781
	2026-02-07 14:00:22.421,1,0,1,0,309354,309348,22.600000381469727,310782
	2026-02-07 14:00:23.406,1,0,1,0,309356,309350,22.600000381469727,310784
	2026-02-07 14:00:24.402,1,0,1,0,309358,309352,22.600000381469727,310786
	2026-02-07 14:00:25.404,1,0,1,0,309359,309353,22.600000381469727,310787
	2026-02-07 14:00:26.406,1,0,1,0,309362,309356,22.600000381469727,310790
	2026-02-07 14:00:27.403,1,0,1,0,309364,309358,22.600000381469727,310792
	2026-02-07 14:00:28.401,1,0,1,0,309365,309359,22.600000381469727,310793
	2026-02-07 14:00:29.404,1,0,1,0,309367,309361,22.600000381469727,310795
	2026-02-07 14:00:30.403,1,0,1,0,309369,309363,22.600000381469727,310797
